"","DELL.Open","DELL.High","DELL.Low","DELL.Close","DELL.Volume","DELL.Adjusted"
"1",24.086378,24.363234,23.809525,23.809525,137600,23.809525
"2",24.363234,24.363234,23.532669,23.671097,895700,23.671097
"3",23.643412,24.086378,23.615725,24.086378,2400300,24.086378
"4",23.809525,25.24917,23.588039,24.169436,1138300,24.169436
"5",24.224806,25.415283,24.086378,24.916943,751600,24.916943
"6",27.685493,27.685493,24.972315,25.24917,1280200,25.24917
"7",25.609081,25.609081,24.972315,25.143965,188300,25.143965
"8",25.442968,25.442968,25.188261,25.332226,113200,25.332226
"9",25.359911,26.024363,25.359911,25.636766,704500,25.636766
"10",25.609081,25.885935,24.667774,25,2435300,25
"11",24.778517,24.972315,24.363234,24.739756,4578700,24.739756
"12",26.328903,26.328903,24.086378,24.086378,4585900,24.086378
"13",24.3134,24.3134,23.643412,23.79845,4119100,23.79845
"14",23.94795,25.609081,23.266888,25.166113,28543400,25.166113
"15",24.955704,27.342194,24.928019,26.578074,74965600,26.578074
"16",26.827242,28.178295,26.805094,27.857143,20861200,27.857143
"17",27.591362,27.779623,26.650055,27.176079,13491100,27.176079
"18",26.611296,27.519381,26.417498,27.353268,7090300,27.353268
"19",26.650055,27.486156,26.583611,26.854929,9146300,26.854929
"20",26.79402,26.921373,26.578074,26.771872,8722000,26.771872
"21",26.644518,27.148394,26.589148,27.070875,8721800,27.070875
"22",26.92691,27.126245,26.644518,26.838316,9015000,26.838316
"23",26.710964,27.070875,26.666666,26.998892,8243400,26.998892
"24",26.960133,27.09856,26.672203,26.982281,6082600,26.982281
"25",26.788483,27.131783,26.727575,26.810631,7544500,26.810631
"26",26.84939,26.993355,26.528238,26.594685,8643800,26.594685
"27",26.50609,26.838316,26.478405,26.583611,3775600,26.583611
"28",26.423035,26.611296,26.400887,26.517164,5133500,26.517164
"29",26.456257,26.566999,26.384275,26.461794,4982900,26.461794
"30",26.511627,26.638981,26.317829,26.500553,4061600,26.500553
"31",26.362125,26.539314,26.306755,26.339977,2996500,26.339977
"32",26.456257,26.633444,26.33444,26.467331,3125100,26.467331
"33",26.373201,26.605759,26.351051,26.539314,2709500,26.539314
"34",26.483942,26.578074,26.367662,26.500553,3037500,26.500553
"35",26.434109,27.054264,26.301218,26.838316,3355900,26.838316
"36",26.838316,26.893688,26.561462,26.79402,2604700,26.79402
"37",26.79402,26.838316,26.544851,26.616833,1781600,26.616833
"38",26.616833,26.799557,26.218163,26.312292,2747200,26.312292
"39",26.112957,26.428572,26.002214,26.101883,3166400,26.101883
"40",26.002214,26.273533,25.891474,26.085272,2965800,26.085272
"41",25.968992,26.273533,25.825027,26.096346,2424300,26.096346
"42",26.151716,26.362125,26.018826,26.157253,2763900,26.157253
"43",26.168327,26.389812,26.040974,26.240311,2439500,26.240311
"44",26.328903,26.467331,26.024363,26.400887,2720100,26.400887
"45",26.328903,26.600222,26.312292,26.417498,2256500,26.417498
"46",26.27907,26.489479,26.262459,26.411961,1950800,26.411961
"47",26.27907,26.367662,26.068661,26.157253,1754300,26.157253
"48",26.356588,26.633444,26.284607,26.544851,1835400,26.544851
"49",26.428572,26.544851,25.930233,26.018826,2736200,26.018826
"50",25.941307,26.218163,25.825027,25.869324,2990700,25.869324
"51",27.364342,27.547066,26.600222,26.760798,12710800,26.760798
"52",26.638981,27.225914,26.572536,27.059801,6904300,27.059801
"53",27.131783,27.403101,27.032116,27.181618,6165300,27.181618
"54",27.203766,27.397564,26.716501,26.838316,4038200,26.838316
"55",26.710964,27.187155,26.683277,27.131783,3323500,27.131783
"56",27.109634,27.369879,26.843853,27.004429,2414400,27.004429
"57",26.921373,27.253599,26.854929,26.921373,3196900,26.921373
"58",27.070875,27.685493,27.070875,27.419712,2314500,27.419712
"59",27.419712,27.652269,27.397564,27.508307,1684000,27.508307
"60",26.915836,27.619047,26.832779,27.336655,2960200,27.336655
"61",27.331118,27.713179,26.904762,27.275747,3026400,27.275747
"62",27.242525,27.380953,27.037653,27.21484,1602600,27.21484
"63",27.209303,27.436323,26.782946,27.126245,1776300,27.126245
"64",27.148394,27.868217,27.032116,27.72979,3543500,27.72979
"65",27.61351,28.145071,27.530455,28.045404,2532300,28.045404
"66",28.001108,28.875969,27.962347,28.682171,2902200,28.682171
"67",28.671097,28.981174,28.626799,28.787374,2129200,28.787374
"68",28.737541,29.186047,28.737541,29.036545,1596100,29.036545
"69",29.125139,29.263565,28.543743,28.842747,1447800,28.842747
"70",28.682171,28.981174,28.449612,28.538206,1515900,28.538206
"71",28.466223,29.025471,28.433001,28.898117,458700,28.898117
"72",28.792913,29.014397,28.682171,28.870432,1336900,28.870432
"73",28.803988,29.612404,28.803988,29.496124,2418200,29.496124
"74",29.651163,29.734219,29.446291,29.6567,2576000,29.6567
"75",29.651163,29.706533,28.383167,28.726467,4062700,28.726467
"76",28.621262,29.341085,28.250277,29.208195,2416600,29.208195
"77",29.246954,29.584717,29.086378,29.379845,3238600,29.379845
"78",29.246954,29.623478,29.186047,29.551495,2996500,29.551495
"79",29.468439,29.988926,29.274641,29.844961,4969300,29.844961
"80",29.77298,30.39867,29.512735,29.856035,4194000,29.856035
"81",29.811739,30.177187,29.667774,29.88372,3030100,29.88372
"82",29.900331,30.027685,29.390919,29.844961,2964500,29.844961
"83",29.817276,30.177187,29.728682,29.77298,2218100,29.77298
"84",29.71207,30.155039,29.640089,30.016611,3318100,30.016611
"85",30.177187,31.561462,30.105206,31.428572,6510800,31.428572
"86",31.362125,31.472868,30.880398,31.251385,10792200,31.251385
"87",31.090809,31.400887,30.913622,31.2237,2203600,31.2237
"88",31.33444,31.694353,31.284607,31.589148,2661600,31.589148
"89",31.445183,31.921373,31.262459,31.722038,1925500,31.722038
"90",31.589148,31.589148,30.714285,30.919159,2841700,30.919159
"91",30.76412,31.118494,30.730898,31.057587,1076100,31.057587
"92",31.057587,31.251385,30.957918,31.035437,1816400,31.035437
"93",31.0299,31.124031,30.492802,30.642303,2385000,30.642303
"94",30.492802,30.775194,30.254707,30.598007,1505400,30.598007
"95",30.564785,30.620155,30.315615,30.437431,1453100,30.437431
"96",30.498339,30.598007,29.977852,30.215946,2941900,30.215946
"97",30.299004,30.6866,30.299004,30.454042,3794200,30.454042
"98",30.3433,30.769657,30.3433,30.603544,1498200,30.603544
"99",30.753046,31.539314,30.653378,31.445183,2405200,31.445183
"100",31.240311,31.362125,30.813953,31.27907,2538500,31.27907
"101",31.229237,31.932447,31.190475,31.555925,3007100,31.555925
"102",31.688814,31.921373,31.578074,31.882614,1621700,31.882614
"103",31.672203,31.982281,31.439646,31.915836,1537900,31.915836
"104",31.843853,32.264675,31.838316,32.209301,2994700,32.209301
"105",32.165005,32.657806,31.92691,32.081947,2499800,32.081947
"106",32.009968,32.447399,31.915836,32.430786,1260700,32.430786
"107",32.320045,32.884827,32.165005,32.563675,2318500,32.563675
"108",32.552601,32.929127,32.535992,32.812847,2007100,32.812847
"109",32.691029,32.801773,31.915836,32.27021,1982200,32.27021
"110",32.447399,33.178295,32.325581,33.095238,3639000,33.095238
"111",33.222591,33.405315,32.967884,33.255814,2967200,33.255814
"112",33.35548,33.35548,32.945736,33.006645,2872400,33.006645
"113",34.036545,34.88372,33.887043,34.634552,5428200,34.634552
"114",34.385384,34.640087,34.147285,34.573643,2691100,34.573643
"115",34.385384,34.88372,34.274639,34.878185,2473300,34.878185
"116",34.784054,35.049835,34.440754,34.939091,2618100,34.939091
"117",34.767441,35.492802,34.629013,35.415283,1985800,35.415283
"118",35.188263,35.791805,35.188263,35.631229,1187800,35.631229
"119",35.454041,35.946842,35.437431,35.786266,2546600,35.786266
"120",35.91362,36.068661,35.6866,35.91362,1662000,35.91362
"121",35.847176,36.046513,35.714287,35.902546,2273000,35.902546
"122",35.924694,36.423035,35.775192,35.991142,1891200,35.991142
"123",36.096344,36.251385,35.786266,35.84164,1870800,35.84164
"124",35.91362,36.334442,35.869324,35.897011,2313800,35.897011
"125",35.852715,36.151718,35.753044,35.908085,2014400,35.908085
"126",35.869324,36.162792,35.813953,36.057587,1196200,36.057587
"127",36.101883,36.423035,35.825027,36.057587,2343800,36.057587
"128",35.996677,36.140644,35.753044,35.764118,2524400,35.764118
"129",35.74197,36.151718,35.74197,36.046513,1839500,36.046513
"130",35.908085,36.140644,35.79734,35.863789,1937200,35.863789
"131",35.930233,35.991142,35.382061,35.503876,1850900,35.503876
"132",35.271317,35.614616,35.160576,35.57032,1550200,35.57032
"133",35.426357,35.537098,35.299004,35.459579,3223800,35.459579
"134",35.238094,35.415283,35.049835,35.155037,2179100,35.155037
"135",35.155037,35.708748,35.143963,35.481728,2532900,35.481728
"136",35.326691,35.708748,35.105206,35.143963,1276100,35.143963
"137",34.972313,35.127354,34.745293,35.127354,1573000,35.127354
"138",34.955704,35.066444,34.584717,34.723145,2402800,34.723145
"139",34.723145,35.138428,34.706535,34.911407,1569900,34.911407
"140",34.961239,35.415283,34.916943,35.17165,2246300,35.17165
"141",35.060909,35.132889,34.71207,34.955704,1678100,34.955704
"142",35.105206,35.3433,34.833885,35.149502,1462300,35.149502
"143",35.049835,35.348839,34.955704,35.160576,2706200,35.160576
"144",35.166115,35.243633,34.795128,35.155037,1568600,35.155037
"145",35.193798,35.498341,35.044296,35.28793,1599700,35.28793
"146",35.326691,35.564785,35.083057,35.437431,2091800,35.437431
"147",35.620155,35.852715,35.426357,35.542637,1682800,35.542637
"148",35.470654,35.592468,35.249168,35.476189,1225300,35.476189
"149",35.575859,35.653378,34.462902,34.573643,2154500,34.573643
"150",34.584717,34.994461,34.518272,34.872646,1316200,34.872646
"151",34.867111,35.243633,34.623478,34.928017,1442800,34.928017
"152",35.127354,35.492802,34.833885,35.088593,1375000,35.088593
"153",34.756367,35.254707,34.512733,35.088593,1504500,35.088593
"154",35,35.498341,35,35.199337,2609300,35.199337
"155",35.138428,35.442966,35.033222,35.382061,2508500,35.382061
"156",35.382061,36.146179,35.271317,35.431892,4669200,35.431892
"157",35.415283,35.658916,35.28793,35.481728,3183700,35.481728
"158",35.431892,35.946842,35.182724,35.354374,3086400,35.354374
"159",35.293465,35.769657,35.265781,35.537098,2878900,35.537098
"160",35.681065,35.952381,35.348839,35.448505,3932700,35.448505
"161",35.503876,35.708748,35.354374,35.548172,3422100,35.548172
"162",35.614616,35.968994,35.548172,35.919159,2912500,35.919159
"163",35.924694,36.135105,35.79734,35.941307,3625500,35.941307
"164",35.952381,36.101883,35.62569,36.052048,2686000,36.052048
"165",35.775192,35.946842,35.282391,35.382061,2330600,35.382061
"166",35.3433,35.697674,35.276855,35.393135,1916300,35.393135
"167",35.415283,35.62569,35.415283,35.575859,1163200,35.575859
"168",35.448505,35.79734,35.304539,35.653378,1505600,35.653378
"169",35.825027,35.825027,35.664452,35.730896,1264700,35.730896
"170",35.747509,36.007751,35.509415,35.935768,1703900,35.935768
"171",36.007751,36.007751,35.559246,35.669991,3021600,35.669991
"172",35.991142,36.677742,35.946842,36.64452,4090200,36.64452
"173",36.904762,37.070873,36.688816,36.738647,3881200,36.738647
"174",36.738647,37.397564,36.738647,37.131783,2752800,37.131783
"175",37.375416,37.425251,37.131783,37.336655,1578400,37.336655
"176",37.353268,37.513844,36.893688,37.15947,1574800,37.15947
"177",37.342194,37.491695,37.120708,37.414173,3122500,37.414173
"178",37.414173,37.541527,36.92691,37.059799,2056400,37.059799
"179",37.004429,37.004429,36.544849,36.638981,1569000,36.638981
"180",36.64452,36.838318,36.478405,36.722038,1585400,36.722038
"181",36.733112,37.308971,36.694351,37.259136,2552400,37.259136
"182",37.314507,37.646732,37.131783,37.447399,3751200,37.447399
"183",37.430786,37.790699,37.126247,37.231449,2254400,37.231449
"184",37.181618,37.33112,36.860466,37.087486,2018700,37.087486
"185",36.81617,36.888149,36.489479,36.60022,2530200,36.60022
"186",36.60022,36.75526,35.963455,35.963455,10793500,35.963455
"187",36.007751,36.854927,35.91362,36.688816,2538800,36.688816
"188",36.77187,37.076412,36.75526,36.843853,2123800,36.843853
"189",36.406422,36.622372,35.91362,35.930233,2074900,35.930233
"190",35.730896,35.908085,35.415283,35.802879,2537600,35.802879
"191",35.885937,36.351051,35.874863,35.946842,1275000,35.946842
"192",36.223698,37.375416,36.140644,37.308971,4271700,37.308971
"193",37.574749,37.641197,37.09856,37.308971,2558500,37.308971
"194",37.425251,37.718716,37.303432,37.691029,2138800,37.691029
"195",37.807308,38.250278,37.751938,38.017719,3043600,38.017719
"196",37.945736,38.250278,37.823921,38.095238,1580900,38.095238
"197",38.095238,38.394241,37.962349,38.067554,4089800,38.067554
"198",38.233665,38.421928,37.530453,38.421928,16978000,38.421928
"199",38.482834,38.604652,38.050941,38.361019,4430800,38.361019
"200",37.879292,38.22813,36.910297,37.790699,4046100,37.790699
"201",37.72979,37.763012,36.777409,36.882614,4618400,36.882614
"202",36.937984,37.27021,36.688816,37.170544,2661100,37.170544
"203",37.170544,37.580288,37.09856,37.55814,2886300,37.55814
"204",36.915836,37.364342,35.271317,36.046513,6518000,36.046513
"205",35.991142,36.101883,34.252491,34.640087,6723000,34.640087
"206",34.501659,34.678848,34.091915,34.462902,4629500,34.462902
"207",34.534885,34.983387,34.291252,34.784054,3096500,34.784054
"208",35.022148,35.05537,34.152824,34.424141,2060600,34.424141
"209",34.197121,34.285713,33.648949,34.246956,3584100,34.246956
"210",34.246956,34.507198,34.246956,34.396458,3248600,34.396458
"211",34.606865,34.977852,34.496124,34.700996,1418900,34.700996
"212",34.734219,34.811737,34.396458,34.457363,1603300,34.457363
"213",34.734219,35.188263,34.706535,35.060909,1938000,35.060909
"214",35.188263,35.498341,35.060909,35.193798,1537800,35.193798
"215",35.11628,35.62569,35.066444,35.22702,11672300,35.22702
"216",35.321152,35.631229,35.049835,35.132889,1798700,35.132889
"217",35.077518,35.105206,34.296787,34.318935,2991800,34.318935
"218",34.496124,34.82835,34.291252,34.717609,2936000,34.717609
"219",34.490585,34.579182,33.372093,33.665558,3267900,33.665558
"220",33.676632,34.008858,33.660023,33.837208,1419600,33.837208
"221",33.848282,34.3134,33.421928,33.421928,1215200,33.421928
"222",33.377628,33.776302,33.18383,33.665558,1683900,33.665558
"223",33.39978,33.726467,33.316723,33.687706,2381300,33.687706
"224",33.748615,34.186047,33.69878,34.058693,1007000,34.058693
"225",34.08638,34.169434,33.803986,34.053158,1256600,34.053158
"226",34.025471,34.324474,33.842747,34.064232,1935100,34.064232
"227",34.291252,34.291252,33.942413,34.102989,1856900,34.102989
"228",34.102989,34.180508,33.831673,33.942413,1391500,33.942413
"229",33.953487,34.053158,33.831673,33.887043,754500,33.887043
"230",33.942413,34.889259,33.765228,34.833885,2028600,34.833885
"231",34.71207,34.833885,34.540421,34.734219,1474000,34.734219
"232",34.795128,35.265781,34.717609,35.232559,3412600,35.232559
"233",35.415283,35.454041,35.17165,35.404209,1419300,35.404209
"234",35.409744,35.459579,35.088593,35.232559,1112800,35.232559
"235",35.215946,35.354374,35.110741,35.254707,1038600,35.254707
"236",35.28793,35.542637,35.049835,35.276855,1109200,35.276855
"237",35.470654,35.548172,35.276855,35.448505,1634200,35.448505
"238",35.548172,35.548172,34.889259,35.177189,1133000,35.177189
"239",35.05537,35.348839,34.905869,35.282391,807100,35.282391
"240",35.437431,35.736435,35.382061,35.586933,1254600,35.586933
"241",35.736435,35.786266,35.415283,35.697674,1040400,35.697674
"242",35.708748,35.708748,35.121815,35.354374,1347600,35.354374
"243",35.265781,35.503876,35.138428,35.442966,663500,35.442966
"244",35.553711,35.736435,35.470654,35.653378,792800,35.653378
"245",35.553711,35.819492,35.415283,35.6866,742900,35.6866
"246",35.559246,35.874863,35.39867,35.6866,938000,35.6866
"247",35.354374,35.620155,35.215946,35.503876,950600,35.503876
"248",35.382061,35.437431,34.94463,34.977852,869500,34.977852
"249",34.839424,35.066444,34.734219,34.905869,1422700,34.905869
"250",35.935768,37.735325,35.935768,37.508305,5160200,37.508305
"251",37.519379,37.607975,36.64452,36.661129,1484700,36.661129
"252",36.666668,37.419712,36.638981,37.220375,1059700,37.220375
"253",37.004429,37.452934,36.75526,36.766335,836100,36.766335
"254",36.683277,37.093021,36.506092,36.993355,692200,36.993355
"255",36.965672,37.209301,36.589146,37.137321,1472200,37.137321
"256",37.674419,38.189369,37.55814,38.045403,1975200,38.045403
"257",37.72979,38.333332,37.72979,38.316723,1547200,38.316723
"258",38.333332,38.820599,38.333332,38.715393,1523700,38.715393
"259",39.324474,40.199337,39.230343,39.723145,4350200,39.723145
"260",39.700996,40.509415,39.584717,40.310078,1800000,40.310078
"261",40.077518,40.575859,39.529346,40.387596,1354500,40.387596
"262",40.470654,41.140644,40.415283,41.101883,1830500,41.101883
"263",41.229237,41.52824,41.135105,41.489479,2223000,41.489479
"264",41.517166,41.566998,41.223698,41.395348,2462400,41.395348
"265",41.179401,41.583611,40.924694,41.417496,2688200,41.417496
"266",41.52824,41.605759,41.339977,41.351051,3790600,41.351051
"267",41.251385,41.716499,41.12957,41.234772,3710200,41.234772
"268",41.18494,41.672203,41.08527,41.118492,2144800,41.118492
"269",41.594685,41.866001,41.450718,41.782948,2712700,41.782948
"270",41.805096,42.231449,41.683277,42.220375,2057700,42.220375
"271",42.225914,42.596901,42.15947,42.486156,2380400,42.486156
"272",42.480621,43.017719,42.403099,42.834995,2820000,42.834995
"273",42.779625,42.868217,42.547066,42.624584,6240800,42.624584
"274",42.541527,42.873753,42.408638,42.552601,1781900,42.552601
"275",42.624584,42.768551,42.297897,42.535992,1699000,42.535992
"276",42.519379,42.718716,42.375416,42.541527,2886500,42.541527
"277",42.403099,42.702103,41.915836,42.414173,1349600,42.414173
"278",42.436325,42.641197,42.325581,42.641197,1595700,42.641197
"279",42.480621,42.607975,41.849392,42.04319,2629300,42.04319
"280",42.358803,42.403099,42.04319,42.148396,4095100,42.148396
"281",42.364342,42.934662,42.364342,42.702103,2340500,42.702103
"282",42.691029,42.823921,42.397564,42.718716,1991600,42.718716
"283",42.807308,42.967884,42.66888,42.751938,2041500,42.751938
"284",42.768551,43.427464,42.763012,43.156147,2588900,43.156147
"285",43.18383,43.565891,43.133999,43.338871,2179800,43.338871
"286",43.344406,43.433002,43.034328,43.311184,2093300,43.311184
"287",43.466225,43.842747,43.327797,43.765228,2435900,43.765228
"288",43.549282,43.776302,43.377628,43.765228,2449400,43.765228
"289",43.81506,44.031006,43.74308,43.887043,1326300,43.887043
"290",44.042084,44.191582,43.671097,43.787376,1714900,43.787376
"291",43.792912,44.019932,43.671097,43.942413,2131200,43.942413
"292",44.008858,44.551495,43.98671,44.457363,2078700,44.457363
"293",44.584717,44.82835,44.462902,44.673309,1657100,44.673309
"294",44.723145,45.121815,44.678848,44.905869,2080500,44.905869
"295",44.933556,45.099667,44.745293,44.844963,1670300,44.844963
"296",44.928017,45.238094,44.905869,45.044296,3984200,45.044296
"297",45,45.265781,44.806202,45.204872,2846900,45.204872
"298",45.404209,45.681065,45.304539,45.537098,2068200,45.537098
"299",45.636765,46.052048,45.62569,45.79734,2072500,45.79734
"300",45.775192,46.096344,45.697674,46.096344,1869700,46.096344
"301",45.863789,46.151718,45.465115,45.736435,2419300,45.736435
"302",45.819492,46.068661,45.747509,45.941307,1433400,45.941307
"303",46.101883,46.500553,45.880398,46.445183,1754100,46.445183
"304",46.406422,46.445183,45.908085,46.040974,1391100,46.040974
"305",46.074196,46.135105,45.636765,45.830566,3705100,45.830566
"306",46.135105,46.135105,45.426357,45.62569,2009700,45.62569
"307",45.51495,45.531563,44.972313,45.326691,1901800,45.326691
"308",45.22702,45.321152,44.551495,44.778515,1755400,44.778515
"309",44.850498,45.531563,44.795128,45.138428,2382200,45.138428
"310",45.271317,45.780731,45.254707,45.669991,1706400,45.669991
"311",45.454041,45.863789,45.332226,45.575859,1543900,45.575859
"312",45.088593,45.509415,44.662235,45.337765,2196000,45.337765
"313",45.221485,45.736435,45.193798,45.725361,1387700,45.725361
"314",45.3433,45.631229,45.094131,45.299004,1906200,45.299004
"315",45.182724,45.365448,45.016613,45.121815,2055200,45.121815
"316",44.806202,44.922482,44.119602,44.446289,2809500,44.446289
"317",44.717609,45.404209,44.673309,45.033222,2282200,45.033222
"318",44.950165,45.3433,44.789589,45.121815,2021400,45.121815
"319",45.11628,45.531563,44.966778,44.994461,2250000,44.994461
"320",44.994461,45.891472,44.844963,45.531563,3370100,45.531563
"321",45.470654,45.62569,44.673309,44.734219,2676100,44.734219
"322",44.739758,45.066444,44.246956,44.822811,1517000,44.822811
"323",44.916943,45.487267,44.822811,45.354374,2913400,45.354374
"324",45.487267,45.891472,45.393135,45.714287,4107700,45.714287
"325",45.653378,45.653378,42.547066,43.18383,4304700,43.18383
"326",43.493908,43.665558,42.414173,43.322258,15288600,43.322258
"327",42.967884,45.365448,42.801773,44.274639,6995100,44.274639
"328",44.401993,44.435215,41.339977,41.467331,4315000,41.467331
"329",41.290142,41.982281,40.730896,41.234772,3106500,41.234772
"330",40.974529,41.794022,40.836102,41.561462,3967900,41.561462
"331",41.982281,42.619049,41.838318,42.021042,3630700,42.021042
"332",42.541527,43.017719,42.048725,42.774086,5191100,42.774086
"333",42.890366,43.931339,42.691029,43.903656,2195500,43.903656
"334",43.765228,44.296787,43.394241,43.881508,3856500,43.881508
"335",44.053158,44.723145,43.853821,44.401993,2950600,44.401993
"336",44.745293,44.939091,44.14175,44.163898,1961300,44.163898
"337",44.418606,44.911407,43.947952,44.844963,2869000,44.844963
"338",45.11628,46.937984,44.94463,46.937984,3800100,46.937984
"339",46.777409,46.777409,45.863789,46.146179,4245900,46.146179
"340",46.456257,46.589146,45.791805,46.151718,2864800,46.151718
"341",46.140644,46.306755,45.62569,45.703213,1527600,45.703213
"342",45.609081,45.957916,45.28793,45.448505,1856000,45.448505
"343",45.293465,45.3433,44.916943,45.060909,2712600,45.060909
"344",44.977852,45.304539,44.789589,44.994461,2083000,44.994461
"345",45.038761,45.221485,44.629013,44.867111,2524600,44.867111
"346",45.049835,45.132889,44.706535,45.005539,1593000,45.005539
"347",45.143963,45.692139,45.127354,45.642303,1202000,45.642303
"348",45.719822,46.52824,45.658916,46.124031,2888500,46.124031
"349",46.18494,47.037651,46.107418,46.943523,2504500,46.943523
"350",47.065338,47.430786,46.954597,47.286823,1254400,47.286823
"351",47.115173,47.325581,46.92691,47.275749,1876400,47.275749
"352",47.342194,47.342194,46.638981,46.666668,1403400,46.666668
"353",46.400887,46.854927,46.173866,46.849392,1225300,46.849392
"354",47.347729,48.084164,47.231449,48.078629,1649700,48.078629
"355",48.100777,48.35548,47.718716,48.034328,2777900,48.034328
"356",48.30011,48.582504,47.585827,47.66888,1252800,47.66888
"357",48.07309,48.9701,47.66888,48.787376,1386100,48.787376
"358",48.765228,49.014397,48.521595,48.942413,1735200,48.942413
"359",48.875969,49.252491,48.781837,48.997784,1553500,48.997784
"360",49.036545,49.523811,48.582504,49.241417,2406600,49.241417
"361",49.097454,49.557034,49.019932,49.341084,1501300,49.341084
"362",49.280178,49.767441,48.593578,48.931339,1430500,48.931339
"363",49.163898,49.390919,48.599113,48.9701,1399800,48.9701
"364",50.62569,51.162792,42.375416,45.813953,64480700,45.813953
"365",46.511627,47.641197,39.988926,41.417496,33350100,41.417496
"366",40.642303,40.719822,38.394241,38.803986,10927900,38.803986
"367",39.241417,40.62569,38.9701,39.700996,10807800,39.700996
"368",39.440754,40.083057,38.660023,38.898117,8460500,38.898117
"369",39.291252,40.060909,38.045403,39.25803,9875500,39.25803
"370",38.848282,39.562569,37.342194,37.419712,5958500,37.419712
"371",36.544849,37.906979,36.162792,37.225914,5635200,37.225914
"372",37.15947,38.189369,36.971207,36.971207,3641900,36.971207
"373",36.965672,37.502769,36.196014,36.334442,6213900,36.334442
"374",36.849392,37.61351,35.968994,37.264675,4668300,37.264675
"375",37.419712,38.067554,37.115173,37.66888,4135700,37.66888
"376",37.375416,38.07309,37.153931,37.818382,3234900,37.818382
"377",37.602436,38.787376,37.513844,38.687706,3162800,38.687706
"378",38.981174,39.031006,37.868217,38.222591,2280200,38.222591
"379",38.205978,39.125137,38.078629,38.64341,2158800,38.64341
"380",38.338871,38.81506,38.111851,38.660023,2686200,38.660023
"381",38.759689,39.368771,38.632336,38.715393,2342500,38.715393
"382",38.936878,39.424141,38.648949,39.069767,2852500,39.069767
"383",39.385384,39.94463,39.191582,39.745293,2375200,39.745293
"384",39.939091,40.359913,39.667774,40.083057,1492100,40.083057
"385",40.22702,40.531563,39.966778,40.276855,2019100,40.276855
"386",40.902546,41.760796,40.847176,41.135105,3525300,41.135105
"387",41.018826,42.868217,39.734219,41.733112,10307900,41.733112
"388",40.332226,41.024364,38.931339,40.786266,4363400,40.786266
"389",40.564785,41.112957,40.016613,40.974529,3404300,40.974529
"390",41.151718,41.971207,41.151718,41.860466,3129200,41.860466
"391",41.605759,42.929127,41.589146,42.801773,3936300,42.801773
"392",42.923588,44.208195,42.646732,42.868217,3589200,42.868217
"393",42.929127,43.543743,42.508305,43.455151,2311300,43.455151
"394",43.576965,43.887043,42.862679,43.067554,2433500,43.067554
"395",43.139534,43.189369,42.464008,42.823921,2565700,42.823921
"396",42.912514,43.24474,42.535992,43.089703,1662700,43.089703
"397",43.189369,43.255814,42.674419,42.978958,2078800,42.978958
"398",43.133999,43.466225,42.95681,43.167221,2218300,43.167221
"399",42.945736,43.24474,42.44186,43.172756,2080300,43.172756
"400",42.918053,43.776302,42.918053,43.322258,1563400,43.322258
"401",43.294575,43.294575,42.026577,42.081947,2113000,42.081947
"402",41.77187,41.899223,41.168327,41.229237,2652600,41.229237
"403",41.207088,42.220375,40.415283,40.498341,3585800,40.498341
"404",41.173866,41.744186,40.730896,41.60022,2014500,41.60022
"405",41.87154,42.181618,40.542637,40.79734,2164300,40.79734
"406",40.786266,40.891472,39.700996,39.922482,2750300,39.922482
"407",39.961239,40.764118,39.734219,40.537098,2602600,40.537098
"408",40.586933,40.891472,39.230343,40.177189,2077800,40.177189
"409",40.282391,40.526024,39.629013,40.321152,1587600,40.321152
"410",39.700996,40.548172,39.457363,40.404209,1231300,40.404209
"411",40.714287,40.941307,39.950165,40.315613,1387700,40.315613
"412",40.077518,40.370987,39.15836,39.473976,1466400,39.473976
"413",39.590256,40.614616,39.523811,39.811737,1303200,39.811737
"414",40.448505,40.664452,39.900333,40.304539,1318100,40.304539
"415",40.177189,40.431892,39.723145,39.82835,818800,39.82835
"416",39.966778,40.465115,39.867111,40.243633,1122200,40.243633
"417",40.431892,40.631229,39.88372,40.365448,1474000,40.365448
"418",41.638981,41.915836,40.121815,41.168327,4320100,41.168327
"419",41.362125,41.949059,41.068661,41.744186,4311400,41.744186
"420",42.452934,42.580288,41.722038,41.965672,3190800,41.965672
"421",41.677742,41.893688,40.714287,40.919159,1979500,40.919159
"422",40.642303,41.01329,39.800663,40.238094,3461500,40.238094
"423",40.3433,40.581394,40.049835,40.470654,2004600,40.470654
"424",40.636765,40.974529,39.889259,40.105206,2189200,40.105206
"425",39.889259,40.260242,39.263565,39.745293,1209400,39.745293
"426",39.905869,40.559246,39.77298,40.404209,1086600,40.404209
"427",40.586933,40.891472,40.17165,40.210411,1272600,40.210411
"428",40.232559,40.448505,39.318935,39.739758,1943600,39.739758
"429",39.568108,39.911407,39.130676,39.540421,1857100,39.540421
"430",39.468437,39.590256,38.9701,39.147285,2085000,39.147285
"431",39.191582,39.490585,38.277962,39.424141,2534700,39.424141
"432",39.241417,40.725361,39.080841,40.393135,1518600,40.393135
"433",40.420818,41.0299,40.038761,40.138428,1042900,40.138428
"434",40.155037,40.155037,39.335548,39.872646,2706600,39.872646
"435",40.022148,40.780731,39.905869,40.265781,2751200,40.265781
"436",40.370987,41.75526,40.3433,41.35659,2372900,41.35659
"437",41.334442,41.351051,40.891472,41.151718,1729200,41.151718
"438",41.35659,41.555923,40.426357,40.786266,1538100,40.786266
"439",40.370987,41.118492,40.160576,40.930233,1579700,40.930233
"440",40.974529,41.423035,40.470654,41.096344,1500600,41.096344
"441",40.775192,41.788483,40.775192,41.151718,1647200,41.151718
"442",42.153931,44.651161,42.037651,43.637875,11856900,43.637875
"443",43.809525,44.800663,43.466225,44.557034,6976500,44.557034
"444",44.42968,44.817276,43.565891,44.723145,3281100,44.723145
"445",44.540421,45.404209,44.191582,45.3433,4074300,45.3433
"446",45.382061,45.897011,45.005539,45.775192,2508300,45.775192
"447",45.74197,45.919159,45.348839,45.415283,1783700,45.415283
"448",45.293465,45.293465,44.529346,44.60133,2479600,44.60133
"449",44.955704,45.182724,44.252491,44.872646,3495500,44.872646
"450",44.889259,45.011074,44.302326,44.662235,6935200,44.662235
"451",45.6866,47.552601,45.6866,46.982281,6836600,46.982281
"452",47.392025,47.884827,45.924694,47.081947,3840800,47.081947
"453",47.198227,48.045403,46.794022,47.978958,3697700,47.978958
"454",48.023254,48.438538,47.890366,48.366554,3838100,48.366554
"455",48.383167,48.770763,48.006645,48.759689,2611600,48.759689
"456",48.726467,49.102989,48.12846,48.909191,2463500,48.909191
"457",48.892582,48.892582,48.233665,48.52713,1315300,48.52713
"458",48.52713,48.709858,47.751938,48.01218,1695100,48.01218
"459",48.172756,48.975636,47.751938,48.676632,3358000,48.676632
"460",48.809525,49.457363,48.255814,48.676632,2237400,48.676632
"461",48.52713,49.197121,48.255814,48.942413,2714500,48.942413
"462",48.444077,49.617939,48.172756,49.595791,2404500,49.595791
"463",48.959026,49.335548,48.383167,49.280178,1545700,49.280178
"464",49.335548,50.310078,49.335548,49.390919,2202500,49.390919
"465",49.468437,49.640087,48.792912,49.330009,3067100,49.330009
"466",49.147285,49.900333,48.07309,49.15836,5832400,49.15836
"467",49.019932,49.152824,47.126247,47.596901,1591400,47.596901
"468",47.691029,48.084164,47.380951,47.873753,1917000,47.873753
"469",48.050941,48.133999,46.47287,46.511627,1474900,46.511627
"470",46.483944,47.358803,46.240311,47.21484,1972100,47.21484
"471",47.336655,47.967884,46.832779,46.832779,1471300,46.832779
"472",52.430786,52.452934,49.867111,51.052048,29201300,51.052048
"473",51.561462,52.702103,51.450718,52.508305,8479700,52.508305
"474",52.602436,52.602436,51.760796,51.965672,6477500,51.965672
"475",51.949059,52.04319,51.362125,51.683277,2446400,51.683277
"476",52.275749,52.286823,51.384274,51.843853,4536800,51.843853
"477",52.375416,53.239204,51.782948,52.253597,5187000,52.253597
"478",51.77187,52.297897,51.766335,52.09856,2554900,52.09856
"479",52.236988,52.807308,52.148396,52.66888,1865200,52.66888
"480",52.66888,52.78516,52.131783,52.547066,1836700,52.547066
"481",52.72979,52.967884,52.414173,52.480621,2227100,52.480621
"482",52.104099,52.685493,52.087486,52.524918,2534300,52.524918
"483",52.524918,52.674419,52.347729,52.641197,2611400,52.641197
"484",52.519379,52.602436,52.104099,52.458473,2039800,52.458473
"485",52.480621,52.541527,52.209301,52.225914,2342700,52.225914
"486",52.120708,52.170544,51.605759,51.838318,3111000,51.838318
"487",51.98782,52.142857,51.284607,51.550388,2003000,51.550388
"488",51.60022,51.937984,51.411961,51.937984,943000,51.937984
"489",51.461796,52.392025,51.445183,52.27021,2848000,52.27021
"490",52.065338,52.231449,51.744186,51.866001,2313800,51.866001
"491",51.705425,51.810631,50.980068,51.334442,3145800,51.334442
"492",51.339977,51.677742,51.090809,51.229237,2753900,51.229237
"493",51.229237,51.710964,51.173866,51.339977,2923300,51.339977
"494",51.218163,51.64452,51.218163,51.517166,1634000,51.517166
"495",51.583611,51.705425,51.157253,51.544849,2012200,51.544849
"496",51.417496,51.910297,51.417496,51.738647,1672100,51.738647
"497",52.065338,52.364342,51.633446,51.882614,1818100,51.882614
"498",51.971207,52.231449,51.733112,52.131783,1440800,52.131783
"499",52.314507,52.696568,52.109634,52.452934,1074000,52.452934
"500",51.954597,52.657806,51.877075,52.342194,1248300,52.342194
"501",52.314507,52.641197,51.893688,52.048725,1578800,52.048725
"502",52.104099,52.585827,51.949059,52.524918,1350100,52.524918
"503",52.292358,52.635658,52.048725,52.425251,2515900,52.425251
"504",52.951275,53.172756,52.524918,52.923588,2704400,52.923588
"505",52.751938,53.089703,52.541527,52.607975,1509400,52.607975
"506",52.630123,52.834995,52.502769,52.619049,2038900,52.619049
"507",52.740864,52.951275,52.55814,52.657806,2497100,52.657806
"508",52.713177,53.117386,52.657806,53.006645,4578500,53.006645
"509",53.062016,53.18383,52.707642,52.774086,4004600,52.774086
"510",52.674419,53.084164,52.369877,52.790699,3742700,52.790699
"511",53.156147,53.200443,52.713177,52.829456,2247900,52.829456
"512",52.918053,52.95681,52.286823,52.746403,2483000,52.746403
"513",52.857143,53.416389,52.78516,53.194904,2540600,53.194904
"514",52.978958,53.676632,52.929127,53.504982,1679700,53.504982
"515",53.39978,53.765228,53.056477,53.250278,1666500,53.250278
"516",53.194904,53.433002,52.663345,53.239204,2633300,53.239204
"517",53.056477,53.482834,52.646732,52.984497,2005900,52.984497
"518",52.984497,53.588039,52.857143,53.089703,2195700,53.089703
"519",52.879292,53.405315,52.718716,53.30011,2021000,53.30011
"520",53.488373,53.709858,53.22813,53.626801,2762600,53.626801
"521",53.438538,53.754154,53.311184,53.543743,1846800,53.543743
"522",53.433002,54.025471,53.205978,53.837208,2604000,53.837208
"523",53.687706,54.08638,53.516056,53.903656,5723900,53.903656
"524",53.959026,54.82835,53.931339,54.623478,2521700,54.623478
"525",54.562569,54.695461,53.79845,53.887043,2287100,53.887043
"526",53.776302,54.413067,53.361019,53.366554,3257800,53.366554
"527",53.421928,53.421928,52.502769,52.857143,2898000,52.857143
"528",53.067554,53.255814,52.713177,53.133999,2280900,53.133999
"529",53.433002,53.433002,52.923588,53.266888,4621000,53.266888
"530",53.100777,53.311184,52.170544,53.266888,5587200,53.266888
"531",53.538204,53.709858,53.294575,53.682171,3067800,53.682171
"532",53.776302,53.864895,53.261353,53.493908,2444000,53.493908
"533",53.433002,53.87043,53.361019,53.848282,2256400,53.848282
"534",53.732006,53.91473,53.460686,53.776302,2388600,53.776302
"535",53.809525,54.174973,53.466225,53.549282,1287600,53.549282
"536",53.560356,53.859356,53.333332,53.576965,3348300,53.576965
"537",53.770763,53.98671,53.156147,53.493908,2591900,53.493908
"538",53.826134,53.826134,53.111851,53.538204,3574600,53.538204
"539",53.809525,54.20266,52.962349,53.687706,4725700,53.687706
"540",53.333332,53.765228,52.535992,52.906979,3729500,52.906979
"541",52.757477,53.205978,51.633446,52.369877,7319800,52.369877
"542",52.447399,52.447399,51.007751,51.20155,4839800,51.20155
"543",51.20155,51.60022,50.321152,50.79734,3628700,50.79734
"544",51.661129,52.38649,51.262459,52.325581,3063300,52.325581
"545",53.156147,53.676632,52.347729,52.602436,4747600,52.602436
"546",52.829456,53.30011,52.486156,52.967884,2765700,52.967884
"547",53.117386,53.156147,52.187153,52.657806,2306400,52.657806
"548",52.591362,52.751938,52.070873,52.320045,3124500,52.320045
"549",52.425251,52.740864,51.683277,51.92691,3492800,51.92691
"550",52.176079,52.823921,51.832779,52.44186,2650400,52.44186
"551",51.777409,51.971207,50.836102,51.423035,2476200,51.423035
"552",51.262459,51.411961,49.750832,49.750832,4276200,49.750832
"553",50.243633,50.736435,49.750832,50.304539,2189700,50.304539
"554",49.307861,49.916943,48.726467,48.98671,2948100,48.98671
"555",49.778515,50.382061,47.480621,48.039867,2205600,48.039867
"556",48.172756,49.180508,48.045403,49.102989,1902200,49.102989
"557",49.728683,50.498341,49.728683,50.049835,2300800,50.049835
"558",50.326691,51.18494,50.110741,50.476189,3505000,50.476189
"559",50.747509,50.85825,49.562569,50.487267,1399600,50.487267
"560",50.753044,50.863789,49.595791,50.780731,1941800,50.780731
"561",50.725361,51.345516,50.448505,50.996677,890500,50.996677
"562",52.602436,54.595791,52.292358,54.186047,4673700,54.186047
"563",54.208195,55.038761,53.909191,54.77298,1782500,54.77298
"564",54.446289,54.739758,53.588039,54.291252,2432600,54.291252
"565",54.280178,54.822811,53.233665,54.540421,2502200,54.540421
"566",54.695461,57.364342,54.346622,56.240311,7859100,56.240311
"567",57.142857,58.720932,55.952381,58.521595,10980800,58.521595
"568",59.042084,59.368771,57.862679,58.172756,25505900,58.172756
"569",58.289036,58.383167,57.807308,57.846069,8098600,57.846069
"570",57.84053,58.078629,56.866001,57.198227,8313700,57.198227
"571",56.550388,57.15947,56.284607,56.832779,5566900,56.832779
"572",57.09856,57.27021,56.373199,57.026577,3044000,57.026577
"573",56.64452,57.912514,56.638981,57.541527,3166000,57.541527
"574",58.100777,58.521595,58.089703,58.488373,7039700,58.488373
"575",58.305649,58.39978,57.84053,57.951275,3224600,57.951275
"576",58.338871,59.169434,57.967884,59.025471,7001800,59.025471
"577",58.477299,59.15836,58.139534,58.693245,5877800,58.693245
"578",59.246956,59.291252,57.90144,58.405315,11128700,58.405315
"579",58.881508,59.080841,57.990032,58.433002,6424600,58.433002
"580",58.139534,58.344406,57.259136,57.84053,6375900,57.84053
"581",57.502769,58.521595,57.281284,58.477299,8668800,58.477299
"582",58.333332,58.593578,57.308971,57.585827,6578700,57.585827
"583",57.718716,58.039867,56.92691,57.646732,6236400,57.646732
"584",58.305649,58.693245,57.547066,57.990032,7337500,57.990032
"585",58.803986,58.826134,58.001106,58.145073,7212200,58.145073
"586",58.250278,58.682171,57.95681,58.416389,6851600,58.416389
"587",58.084164,58.64341,58.084164,58.576965,7095000,58.576965
"588",58.47176,58.543743,58.034328,58.18383,8284400,58.18383
"589",58.416389,58.964561,58.084164,58.615726,10356100,58.615726
"590",58.693245,59.191582,57.923588,58.056477,10930200,58.056477
"591",58.189369,58.493908,56.64452,57.259136,10987800,57.259136
"592",57.297897,57.541527,55.542637,56.882614,15194400,56.882614
"593",45.127354,45.703213,41.583611,44.573643,3756200,44.573643
"594",43.87043,44.950165,43.665558,44.922482,2836100,44.922482
"595",44.60133,45.182724,43.881508,44.296787,3467300,44.296787
"596",46,46.5,44.77,45.43,4501300,45.43
"597",45.5,48.869999,45.5,48.869999,5818500,48.869999
"598",48.23,49.099998,46.060001,47.119999,6108700,47.119999
"599",46.560001,47,44.779999,45.130001,6902600,45.130001
"600",45.66,46.959999,44.860001,46.02,8906800,46.02
"601",45.93,47.380001,45.529999,46.32,4925800,46.32
"602",47.139999,47.82,46.389999,46.869999,7286300,46.869999
"603",47.07,47.389999,46.779999,46.939999,3299500,46.939999
"604",46.939999,47.389999,44.900002,45.189999,3563500,45.189999
"605",44.950001,45.720001,44.400002,44.470001,2699900,44.470001
"606",44.07,44.25,42.759998,42.799999,3665700,42.799999
"607",43.049999,43.700001,42.48,43.009998,2828800,43.009998
"608",42.799999,43.209999,42.02,42.619999,2457800,42.619999
"609",42.709999,43.720001,42.57,43.709999,3542400,43.709999
"610",43.779999,43.790001,43.110001,43.349998,3256500,43.349998
"611",43.880001,44.650002,43.310001,44.060001,3170900,44.060001
"612",45.18,45.889999,44.419998,44.619999,3151600,44.619999
"613",44.91,45.139999,44.209999,44.959999,3551900,44.959999
"614",45.23,46,45.220001,45.91,2618200,45.91
"615",45.900002,47.389999,45.619999,46.900002,5951200,46.900002
"616",47.099998,47.330002,46.5,46.849998,3558700,46.849998
"617",47.349998,48,47.16,48,3981600,48
"618",47.830002,49.5,47.709999,48.59,3741100,48.59
"619",48.98,49.75,48.5,49.650002,1816200,49.650002
"620",50.009998,51.810001,50.009998,50.830002,3190400,50.830002
"621",51.27,51.599998,50.639999,51.07,2754700,51.07
"622",51.150002,51.91,50.84,50.939999,2836200,50.939999
"623",50.599998,50.810001,49.779999,50.439999,1782400,50.439999
"624",50.049999,51.59,49.650002,51.490002,1793800,51.490002
"625",51.869999,52.07,51.049999,52.02,2720100,52.02
"626",52.419998,53.790001,52.209999,53.599998,3379000,53.599998
"627",53.900002,54.619999,53.380001,53.950001,1776100,53.950001
"628",53.68,54.59,53.52,54.380001,2599100,54.380001
"629",54.790001,55.889999,54,55,2295800,55
"630",55.09,55.48,54.549999,55.040001,1257400,55.040001
"631",55.27,55.799999,54.630001,55.540001,1382100,55.540001
"632",55.560001,56.080002,55.279999,55.540001,1943300,55.540001
"633",55.830002,56.18,55.549999,56.18,1847300,56.18
"634",56.459999,56.91,56.310001,56.639999,2337600,56.639999
"635",56.299999,57.110001,55.619999,56.73,2341200,56.73
"636",56.540001,56.799999,56.189999,56.25,1690800,56.25
"637",56.200001,56.5,55.169998,55.82,4132100,55.82
"638",57.68,58.990002,56.189999,56.650002,3514800,56.650002
"639",57.07,57.139999,54.5,55.34,2978200,55.34
"640",55.25,55.84,54.459999,55.119999,2788800,55.119999
"641",54.82,54.82,52.849998,53.73,2515300,53.73
"642",53.619999,54.41,52.82,53.130001,1851100,53.130001
"643",52.580002,52.790001,51.580002,52.349998,1914200,52.349998
"644",52.400002,54.23,52.259998,54.150002,1782500,54.150002
"645",54.240002,55.450001,54.18,54.700001,2481500,54.700001
"646",55.150002,55.560001,54.759998,54.950001,2069900,54.950001
"647",56,58,55.689999,57.18,3869000,57.18
"648",57.93,60.27,57.900002,60.23,5696300,60.23
"649",60.349998,61.16,59.740002,60.490002,2664300,60.490002
"650",61,61.18,60.32,60.439999,2018100,60.439999
"651",60.380001,60.759998,59.25,59.630001,2600600,59.630001
"652",59.490002,60.939999,59.400002,60.709999,1650800,60.709999
"653",59.900002,61.169998,59.509998,59.549999,1505500,59.549999
"654",59.5,59.5,57.119999,57.290001,1880300,57.290001
"655",57.919998,58.98,57.380001,58.889999,1788100,58.889999
"656",59.009998,59.889999,57.43,57.540001,1839200,57.540001
"657",57.459999,57.889999,56.66,56.919998,1724900,56.919998
"658",57.220001,58.790001,57.150002,58.689999,1899100,58.689999
"659",59.779999,60.439999,59.52,60.43,1785800,60.43
"660",60.209999,61.310001,59.740002,61.27,2355600,61.27
"661",61.259998,61.650002,60.650002,61.59,2100200,61.59
"662",61.52,61.59,59.220001,60.34,2160000,60.34
"663",60.439999,62.389999,60.439999,62.200001,2204600,62.200001
"664",62.16,62.66,61.459999,62.490002,1336800,62.490002
"665",62.290001,62.400002,61.310001,61.73,1282600,61.73
"666",61.779999,63.630001,61.740002,63.290001,1678200,63.290001
"667",63.470001,63.869999,62.759998,63.860001,1947900,63.860001
"668",64.040001,64.580002,63.169998,63.509998,1205500,63.509998
"669",63.599998,63.970001,63.07,63.880001,1161200,63.880001
"670",64.360001,64.449997,62.68,62.790001,1125600,62.790001
"671",63.110001,63.5,62.509998,62.75,1033800,62.75
"672",62.740002,62.990002,61.919998,62.849998,1047600,62.849998
"673",62.779999,63.25,62.52,63.25,1080700,63.25
"674",63.220001,65.239998,63.09,65,1540500,65
"675",64.980003,66.449997,64.760002,66.25,1549900,66.25
"676",66.199997,67.209999,65.620003,67,1617200,67
"677",66.059998,66.650002,64.779999,65.360001,1529700,65.360001
"678",65.400002,65.779999,65.019997,65.550003,1241300,65.550003
"679",65.650002,67.5,65.650002,67.410004,1209200,67.410004
"680",67.900002,69.199997,67.410004,68.580002,2084500,68.580002
"681",68.440002,68.949997,66.440002,68.139999,1964500,68.139999
"682",68.730003,69.300003,68.25,68.699997,942800,68.699997
"683",67.239998,68.510002,67.089996,68.190002,674700,68.190002
"684",67.550003,68.279999,66.220001,67.489998,1419300,67.489998
"685",67.040001,67.300003,66.510002,67.099998,1024900,67.099998
"686",66.050003,67.290001,65.650002,67.089996,1386900,67.089996
"687",66.769997,67.389999,65.550003,67.160004,715700,67.160004
"688",65.089996,65.900002,63.700001,64.040001,2626100,64.040001
"689",64.260002,66.730003,64.099998,66.150002,992600,66.150002
"690",65.660004,68.269997,65.5,67.900002,1039700,67.900002
"691",68.050003,70.230003,67.910004,69.800003,1034900,69.800003
"692",68.989998,70.550003,68.510002,69.43,1489300,69.43
"693",68.589996,68.959999,67.080002,68,1343200,68
"694",68.919998,70.150002,68.419998,69.650002,1176900,69.650002
"695",70.260002,70.389999,68.669998,69,1567300,69
"696",67.639999,67.639999,64.550003,65.699997,3143700,65.699997
"697",66.019997,67.190002,65.300003,66.120003,1893400,66.120003
"698",66.18,67.870003,66,66.410004,1789600,66.410004
"699",65.779999,66.220001,64.699997,66.199997,2412400,66.199997
"700",66.519997,67.309998,65.519997,66.410004,2084700,66.410004
"701",60.66,62.16,57.110001,59.549999,7917000,59.549999
"702",59.400002,59.529999,55.450001,55.860001,3226400,55.860001
"703",56.990002,57.759998,55.93,57.68,2573500,57.68
"704",57.790001,58.049999,53.759998,54.5,3744700,54.5
"705",54.950001,55.029999,52.119999,53.23,3874500,53.23
"706",53.400002,55.150002,53.009998,54.299999,2291200,54.299999
"707",54.810001,55.529999,54.029999,54.200001,1854800,54.200001
"708",54.470001,54.889999,53.59,54.34,1776700,54.34
"709",54.209999,54.919998,52.950001,53.029999,1280800,53.029999
"710",52.990002,54.02,52.52,53.830002,2066800,53.830002
"711",52.950001,53.509998,50.759998,51.32,1842100,51.32
"712",51.490002,51.669998,50.57,50.630001,1671800,50.630001
"713",51.200001,52.650002,50.91,51.509998,2276200,51.509998
"714",52.009998,53.549999,51.549999,53.419998,2112300,53.419998
"715",55,57.259998,53.32,54.41,2503500,54.41
"716",54.07,54.610001,53.5,53.990002,2521000,53.990002
"717",53.990002,54.299999,53.060001,53.299999,1816900,53.299999
"718",53.299999,53.869999,52.200001,52.310001,2297100,52.310001
"719",52.959999,53.75,52.779999,53.23,965800,53.23
"720",52.450001,52.860001,50.57,52.209999,4849800,52.209999
"721",52.66,52.759998,50.650002,50.799999,7041900,50.799999
"722",52.209999,52.240002,51.240002,51.560001,3539500,51.560001
"723",51.220001,52.189999,50.599998,52.18,2521000,52.18
"724",51.869999,52.959999,51.23,52.919998,2605400,52.919998
"725",52.130001,52.650002,51.790001,52.369999,2093700,52.369999
"726",51.799999,52.080002,50.98,51.290001,3000100,51.290001
"727",50.959999,51.330002,50.630001,51.099998,2685500,51.099998
"728",51.529999,53,51.139999,52.290001,4608300,52.290001
"729",52.259998,53.48,52.169998,53.48,2988000,53.48
"730",53.849998,54.330002,53.23,53.779999,3657900,53.779999
"731",54,55.279999,53.950001,55.220001,4029900,55.220001
"732",55.52,56.990002,55.130001,56.009998,3607900,56.009998
"733",56,56.52,55.369999,56.5,1801500,56.5
"734",56.240002,57.790001,55.759998,57.389999,2211400,57.389999
"735",57.950001,59.169998,56.599998,56.799999,2994700,56.799999
"736",57.060001,57.380001,56.389999,56.419998,1657300,56.419998
"737",56.700001,56.700001,54.639999,55.459999,2300600,55.459999
"738",55.169998,56.330002,55.169998,56.220001,1450000,56.220001
"739",56.32,56.66,54.77,55.07,1872200,55.07
"740",55.130001,55.490002,54.790001,55.279999,1656700,55.279999
"741",55.82,56.240002,54.450001,55.970001,1942700,55.970001
"742",55.73,57.389999,55.48,57.23,2043300,57.23
"743",57.279999,57.990002,56.57,57.740002,2731600,57.740002
"744",57.939999,59.150002,57.299999,57.689999,2519300,57.689999
"745",54.849998,55.5,51.450001,52.41,10527200,52.41
"746",51.009998,51.09,48.279999,50.419998,5672900,50.419998
"747",50.91,51.52,49.450001,50.77,3671800,50.77
"748",49.889999,50.580002,49.27,50.380001,1851800,50.380001
"749",50.619999,52.040001,50.619999,51.330002,2424500,51.330002
"750",51.290001,51.290001,49.799999,50.43,1278100,50.43
"751",50.049999,50.240002,49.18,49.509998,1435300,49.509998
"752",49.25,50.91,48.720001,49.52,3558000,49.52
"753",48.689999,48.990002,46.959999,48.599998,4116900,48.599998
"754",48.139999,48.369999,46.240002,46.900002,2902900,46.900002
"755",47.389999,49.189999,47.25,48.43,2488200,48.43
"756",49.310001,49.630001,48.779999,49.049999,2006700,49.049999
"757",48.720001,49.299999,48.189999,48.470001,1842700,48.470001
"758",48.669998,49.740002,48.549999,48.98,1389500,48.98
"759",49.43,49.560001,48.419998,49.040001,1619800,49.040001
"760",47.75,47.939999,45.73,45.810001,3670700,45.810001
"761",46,47.080002,45.950001,46.41,2040900,46.41
"762",46.950001,47.169998,45.27,45.599998,1952400,45.599998
"763",45.52,45.619999,44.349998,45.299999,1886800,45.299999
"764",45.75,46.93,45.650002,46.77,3275000,46.77
"765",50.849998,53.200001,49.650002,51.529999,16009600,51.529999
"766",51.029999,51.880001,50.599998,51.07,4175300,51.07
"767",51.5,51.880001,50.27,51.200001,2793400,51.200001
"768",51.560001,53.5,51.110001,52.919998,4559000,52.919998
"769",53,53.790001,52.259998,53.360001,3462400,53.360001
"770",54,54.450001,53.139999,54.290001,3633200,54.290001
"771",53.880001,55.849998,53.25,55.48,3192300,55.48
"772",55.119999,55.5,54.700001,55.299999,2998600,55.299999
"773",55.549999,55.93,54.049999,54.150002,2868600,54.150002
"774",54.049999,54.650002,53.439999,53.509998,1411700,53.509998
"775",53,54.549999,52.880001,54.099998,1531200,54.099998
"776",54,54.099998,53.110001,53.849998,1430100,53.849998
"777",53.93,53.93,52.009998,52.799999,1905500,52.799999
"778",52.759998,53.650002,52.560001,53.040001,2499700,53.040001
"779",53.189999,53.34,51.709999,51.849998,3042300,51.849998
"780",51.810001,53,51.02,52.939999,2484900,52.939999
"781",53.060001,53.650002,51.66,52.200001,3348200,52.200001
"782",52.189999,54.02,52.049999,53.740002,3069500,53.740002
"783",53,53,51.32,52.150002,3072100,52.150002
"784",52.419998,52.880001,50.389999,50.950001,2220700,50.950001
"785",50.950001,52.029999,50.869999,51.860001,1327700,51.860001
"786",52.130001,52.889999,51.400002,51.639999,1935700,51.639999
"787",51.5,51.509998,50.16,50.779999,1593300,50.779999
"788",50.810001,51.369999,49.389999,51.060001,1348600,51.060001
"789",51.23,51.5,50.200001,50.27,1937600,50.27
"790",50.099998,51.07,49.990002,50.52,1588900,50.52
"791",50.189999,50.369999,48.790001,48.810001,1529200,48.810001
"792",49.139999,49.73,48.75,49.459999,1320800,49.459999
"793",49.41,49.59,48.889999,49,2264400,49
"794",49.869999,51.380001,49.77,50.299999,1528000,50.299999
"795",50.25,50.75,50.110001,50.68,786200,50.68
"796",50.5,51.740002,50.349998,51.130001,1044700,51.130001
"797",50.919998,50.93,50.169998,50.540001,1003600,50.540001
"798",50.84,51.25,50.310001,50.369999,1006500,50.369999
"799",50.360001,50.439999,49.5,49.869999,1728400,49.869999
"800",49.900002,50.509998,49.59,49.990002,1202100,49.990002
"801",50.310001,50.630001,49.779999,49.98,1038400,49.98
"802",49.889999,50.41,49.259998,50.299999,1251500,50.299999
"803",50.66,51.25,49.93,51.009998,1529900,51.009998
"804",51.110001,52.32,50.950001,51.68,1616800,51.68
"805",51.93,52.450001,51.470001,51.59,1579900,51.59
"806",51.650002,53.27,51.560001,53.25,2648800,53.25
"807",53.209999,54.150002,52.73,53.75,1627400,53.75
"808",53.650002,53.799999,52.110001,52.889999,1537100,52.889999
"809",53.18,53.389999,52.790001,53.240002,1215900,53.240002
"810",53.849998,54.130001,53.48,53.84,1003500,53.84
"811",53.91,54.849998,53.540001,54.43,2067500,54.43
"812",55,55,53.700001,54.330002,1414600,54.330002
"813",54.77,54.950001,54.130001,54.310001,1474000,54.310001
"814",54.360001,54.59,53.549999,54.310001,994600,54.310001
"815",53.82,54.869999,53.650002,54.52,928000,54.52
"816",54.790001,55.779999,54.650002,55.43,2769100,55.43
"817",55,55.400002,54.540001,54.779999,1100800,54.779999
"818",54.400002,56.189999,54.169998,55.049999,1701500,55.049999
"819",55.650002,55.849998,55.16,55.639999,1418800,55.639999
"820",55.650002,55.889999,55.07,55.57,979100,55.57
"821",55.66,56.68,55.279999,56.209999,1425000,56.209999
"822",55.82,56.279999,54.939999,55.27,1435500,55.27
"823",55.240002,55.599998,53.689999,53.709999,1608400,53.709999
"824",53.700001,54,53,53.610001,1444900,53.610001
"825",54,55.610001,54,55.060001,1897900,55.060001
"826",55.669998,55.939999,53.150002,53.189999,4422600,53.189999
"827",51.049999,52.16,49.75,50.32,13123600,50.32
"828",50.299999,50.459999,48.439999,48.490002,3235100,48.490002
"829",48.349998,48.669998,47.330002,47.720001,3726300,47.720001
"830",46.799999,47.490002,46.43,47.400002,3914000,47.400002
"831",47.900002,48.099998,47.540001,47.68,2094700,47.68
"832",47.610001,47.73,46.619999,47.34,2064100,47.34
"833",47.5,48.700001,47.029999,47.119999,3008500,47.119999
"834",46.82,47.970001,46.450001,47.650002,3776500,47.650002
"835",47.41,47.98,47.130001,47.360001,3099600,47.360001
"836",47.32,47.75,46.900002,47.709999,2216400,47.709999
"837",47.32,49.66,47.080002,49.5,2641600,49.5
"838",49.43,50.080002,49.029999,49.349998,2642000,49.349998
"839",49.990002,50.150002,49.27,49.490002,3364800,49.490002
"840",49.720001,50.209999,49.560001,49.93,2366600,49.93
"841",50,50.59,49.619999,50,2302800,50
"842",50.060001,50.330002,49.779999,49.889999,1518000,49.889999
"843",50.299999,50.549999,49.509998,49.619999,2704500,49.619999
"844",49.66,51.18,49.619999,50.459999,1628600,50.459999
"845",50.450001,51.330002,50.25,50.830002,958900,50.830002
"846",51.259998,52.279999,51.110001,52.009998,1538000,52.009998
"847",52.200001,52.200001,50.700001,50.98,1575100,50.98
"848",50.880001,51.560001,50.5,50.91,1329200,50.91
"849",50.799999,51.900002,50.549999,51.389999,1653900,51.389999
"850",52.060001,52.619999,51.549999,52.290001,2168400,52.290001
"851",51.400002,51.98,50.419998,50.57,2254000,50.57
"852",50.09,51.290001,50.09,51.080002,2525800,51.080002
"853",51.040001,51.310001,49.57,49.799999,3109900,49.799999
"854",49.5,50.040001,49.150002,50,3514600,50
"855",50.200001,50.259998,49.02,49.619999,3628400,49.619999
"856",49.619999,49.939999,49.41,49.509998,2466100,49.509998
"857",49.689999,49.990002,48.68,49.830002,3414300,49.830002
"858",49.830002,51.529999,49.810001,50.860001,3322600,50.860001
"859",50.709999,51.139999,50.400002,50.599998,1979800,50.599998
"860",51.009998,51.73,50.689999,51.34,2253400,51.34
"861",51.5,51.5,50.049999,50.34,3295700,50.34
"862",50.150002,50.169998,48.900002,49.290001,2735500,49.290001
"863",49.5,50.119999,49.5,49.939999,1371100,49.939999
"864",50.02,50.470001,49.369999,50.369999,1108900,50.369999
"865",50.549999,51.040001,49.529999,49.98,2001100,49.98
"866",48.66,48.889999,47.970001,48.150002,3113600,48.150002
"867",48.509998,49.200001,48.349998,48.68,2141600,48.68
"868",48.950001,49.200001,48.540001,48.950001,1413500,48.950001
"869",48.400002,49.470001,48.16,49.380001,2403800,49.380001
"870",49.130001,49.25,48.150002,48.77,2345600,48.77
"871",48.790001,49.400002,48.610001,49.18,1654900,49.18
"872",50,51.48,49.439999,51.029999,2962800,51.029999
"873",51.48,52.389999,50.599998,50.790001,3719000,50.790001
"874",51.16,52.93,51.060001,52.849998,3335800,52.849998
"875",52.5,52.5,51,51.619999,4722800,51.619999
"876",51,52.169998,50.560001,52.110001,2700000,52.110001
"877",52.099998,53.099998,52,52.259998,4402400,52.259998
"878",52.73,53.52,52.580002,53.299999,3484100,53.299999
"879",51.950001,52.830002,51.43,52.549999,3426500,52.549999
"880",52.950001,53.549999,52.630001,52.880001,2107600,52.880001
"881",52.299999,52.950001,51.880001,52.77,2605100,52.77
"882",52.900002,53.59,52.75,53.34,2794100,53.34
"883",53.34,53.400002,52.290001,52.950001,2691700,52.950001
"884",52.700001,52.810001,51.209999,51.720001,2231700,51.720001
"885",49.77,49.869999,47.419998,48.310001,3682600,48.310001
"886",49.049999,49.200001,46.169998,46.220001,3446300,46.220001
"887",46.720001,47.34,45.299999,45.93,3472500,45.93
"888",44.529999,45.540001,42.900002,43.560001,5600600,43.560001
"889",41.200001,43.110001,39.200001,40.459999,8619200,40.459999
"890",40.720001,42.490002,39.400002,42.389999,4008500,42.389999
"891",42.669998,43.709999,41.41,41.779999,4671300,41.779999
"892",42.490002,43.380001,41.189999,43.380001,3045300,43.380001
"893",42.029999,42.560001,40.490002,40.849998,3618400,40.849998
"894",39,40.880001,38.619999,39.619999,4257900,39.619999
"895",36.48,36.799999,35.459999,36.25,5555400,36.25
"896",37.700001,39.380001,35.5,39.139999,5040000,39.139999
"897",37.639999,38.549999,36.57,36.939999,4757700,36.939999
"898",33.98,34.919998,32.310001,32.740002,6756000,32.740002
"899",35.18,35.950001,33.139999,35.950001,4887500,35.950001
"900",29.18,34.310001,29.18,32.209999,5119300,32.209999
"901",32.810001,33.459999,30.24,31.32,5056400,31.32
"902",29,30.15,25.51,28.870001,4595900,28.870001
